Frequency ID,Real Part,Imaginary Part
0,96.96526336669922,0.030436137691140175
1,96.78717803955078,3.969660520553589
0,96.93338775634766,0.028610873967409134
1,96.81266021728516,3.9831557273864746
