Frequency ID,Real Part,Imaginary Part
0,96.96100616455078,0.018884889781475067
1,96.76487731933594,4.500382423400879
0,96.93366241455078,0.005659714341163635
1,96.7054214477539,4.491611003875732
